lag,feature_1|feature_2,feature_1|feature_3
0,-0.011522315943733397,-0.029876319383994588
1,-0.05593298337680967,0.026668335766484974
2,-0.10067701926507171,0.042736460749897426
3,-0.12006849754157407,0.05414714748373519
4,-0.12127108578183485,-0.02391007224839633
5,-0.08786889153254966,0.004573494525161631
6,-0.04242179915150221,0.006613578240656619
